id,changeset,visible,userstring_id,timestamp
24073925,93898120,1,11,1605072264
24074684,63358986,1,2,1539115681
40784947,87518572,1,20,1593813567
40784999,31700411,1,21,1433357763
40785001,87518572,1,20,1593813568
179119868,85233894,1,13,1589518233
208648629,67110192,1,1,1549911938
208648645,15277754,1,5,1362623893
208648684,15277754,1,5,1362623895
208648685,48313384,1,9,1493659707
208648693,15277754,1,5,1362623895
209828486,109293162,1,1,1628313624
209828493,102951362,1,1,1618432495
209828495,15354538,1,8,1363198073
209828498,15354538,1,8,1363198074
209828564,27544644,1,9,1418881683
209828620,15354538,1,8,1363198089
209828643,15376978,1,5,1363376682
209828728,87659476,1,20,1594130335
209828731,89930404,1,22,1598381131
209828740,87659476,1,20,1594130335
209828748,15354538,1,8,1363198109
209828751,67381730,1,23,1550649814
209828753,15354538,1,8,1363198110
209828764,15354538,1,8,1363198110
209829953,15354538,1,8,1363198255
209829988,64765263,1,9,1542868662
209830058,15376978,1,5,1363376681
209830065,106352312,1,9,1623694910
209830129,88190417,1,20,1595131849
209830280,15354538,1,8,1363198289
210278886,15376978,1,5,1363375770
210278907,15376978,1,5,1363375770
218395882,15818690,1,9,1366590160
220950833,113589829,1,19,1636513413
317756306,27544644,1,9,1418881681
317756336,27544644,1,9,1418881683
317756337,64765263,1,9,1542868662
407983119,87518706,1,20,1593813570
432382631,102951330,1,1,1618432438
433173474,110882512,1,24,1631058629
435709725,93898120,1,11,1605072264
435709726,110882512,1,24,1631058665
435709727,110882512,1,24,1631058595
435709729,93898120,1,11,1605072264
435709731,110882512,1,24,1631058659
435709732,110882512,1,24,1631058580
457132315,87518706,1,20,1593813571
571537422,57373068,1,10,1521611034
571537423,57373068,1,10,1521611034
616957628,61660632,1,3,1534257679
624078325,109688737,1,1,1629006666
624078656,62402844,1,2,1536415094
624078657,62402844,1,2,1536415094
624078658,62402844,1,2,1536415094
643684120,93898120,1,11,1605072264
643684121,93898120,1,11,1605072264
669781834,93898120,1,11,1605072264
722423211,93898120,1,11,1605072264
723334617,93898120,1,11,1605072264
772380416,81000123,1,17,1581672886
772380417,81000123,1,17,1581672886
804077702,86806262,1,18,1592462421
869988385,93898120,1,11,1605072264
869988386,93898120,1,11,1605072264
869988388,93898120,1,11,1605072264
869988396,110882809,1,24,1631058643
869988398,93898120,1,11,1605072264
869988399,110882809,1,24,1631058635
869988400,93898120,1,11,1605072264
869988401,93898120,1,11,1605072264
869988402,110882809,1,24,1631058614
869988403,110882809,1,24,1631058621
869988413,93898120,1,11,1605072264
869988414,110882809,1,24,1631058658
869988415,93898120,1,11,1605072264
869988416,93898120,1,11,1605072264
869988417,93898120,1,11,1605072264
869988418,93898120,1,11,1605072264
869988419,93898120,1,11,1605072264
869988420,93898120,1,11,1605072264
869988421,93898120,1,11,1605072264
869988422,93898120,1,11,1605072264
869988423,93898120,1,11,1605072264
869988424,93898120,1,11,1605072264
